date_received,product,subproduct,issue,subissue,consumer_complaint_narrative,company_public_response,company_name,state,zip_code,tags,consumer_consent_provided,submitted_via,date_sent_to_company,company_response_to_consumer,timely_response,consumer_disputed,complaint_id
6/10/2016,Prepaid card,Mobile wallet,Fees,,,Company believes it acted appropriately as authorized by contract or law,JPay Inc.,IL,61764,,,Postal mail,6/13/2016,Closed,TRUE,FALSE,1963051
2/26/2016,Prepaid card,General purpose card,Fees,,,Company has responded to the consumer and the CFPB and chooses not to provide a public response,"CITIBANK, N.A.",FL,32311,,,Referral,3/2/2016,Closed with explanation,TRUE,FALSE,1806083
1/4/2017,Prepaid card,Other special purpose card,Fees,,,Company believes it acted appropriately as authorized by contract or law,JPay Inc.,LA,70426,,,Postal mail,1/6/2017,Closed with explanation,TRUE,TRUE,2275374
7/21/2014,Prepaid card,Gift or merchant card,Fees,,,,U.S. BANCORP,MA,02140,,,Referral,7/23/2014,Closed with explanation,TRUE,FALSE,945721
1/6/2015,Credit card,,Other,,,,U.S. BANCORP,NJ,08030,Older American,,Web,1/6/2015,Closed with explanation,TRUE,FALSE,1182799
5/28/2015,Credit card,,Other,,,,DISCOVER BANK,VA,23116,,,Phone,6/1/2015,Closed with explanation,TRUE,FALSE,1396500
2/15/2015,Credit card,,Other,,,,DISCOVER BANK,GA,30041.0,,,Web,2/15/2015,Closed with explanation,TRUE,FALSE,1241387
10/28/2016,Mortgage,Other mortgage,Other,,,,"Seterus, Inc.",IL,60471.0,,,Postal mail,11/1/2016,Closed with explanation,TRUE,FALSE,2184451
4/29/2014,Credit card,,Other,,,,"CITIBANK, N.A.",TX,75287,Older American,,Web,5/6/2014,Closed with explanation,TRUE,TRUE,830237
2/10/2015,Credit card,,Other,,,,"CITIBANK, N.A.",TX,76063,,,Web,2/10/2015,Closed with non-monetary relief,TRUE,FALSE,1233122
7/10/2012,Mortgage,Other mortgage,Other,,,,"CITIBANK, N.A.",FL,33071,,,Postal mail,7/11/2012,Closed with explanation,TRUE,FALSE,115177
3/9/2015,Credit card,,Other,,,,U.S. BANCORP,MO,65613,,,Postal mail,3/13/2015,Closed with monetary relief,TRUE,FALSE,1273842
5/5/2014,Mortgage,Other mortgage,Other,,,,PNC Bank N.A.,MD,20774,,,Fax,5/7/2014,Closed with explanation,TRUE,FALSE,838087
5/30/2012,Mortgage,Other mortgage,Other,,,,"CITIBANK, N.A.",NJ,7024.0,,,Postal mail,5/31/2012,Closed with non-monetary relief,TRUE,FALSE,88608
5/14/2014,Credit card,,Other,,,,U.S. BANCORP,MD,21788.0,,,Web,5/16/2014,Closed with monetary relief,TRUE,FALSE,852424
9/24/2014,Credit card,,Other,,,,DISCOVER BANK,NV,89129.0,,,Web,12/9/2014,Closed with explanation,TRUE,FALSE,1042374
4/10/2012,Mortgage,Other mortgage,Other,,,,POPULAR BANK,FL,33175,,,Referral,5/22/2012,Closed with explanation,TRUE,FALSE,54352
2/13/2014,Credit card,,Other,,,,"CITIBANK, N.A.",NY,11109,,,Postal mail,2/21/2014,Closed with explanation,TRUE,FALSE,713425
2/19/2013,Credit card,,Other,,,,DISCOVER BANK,CA,90046,,,Referral,2/20/2013,Closed with explanation,TRUE,FALSE,320389
10/28/2013,Credit card,,Other,,,,"CITIBANK, N.A.",FL,33062,,,Phone,11/13/2013,Closed with explanation,TRUE,FALSE,573774
8/28/2015,Credit card,,Other,,,Company chooses not to provide a public response,"CITIBANK, N.A.",FL,33409,,,Referral,8/31/2015,Closed with explanation,TRUE,FALSE,1543019
1/23/2017,Credit card,,Other,,,Company has responded to the consumer and the CFPB and chooses not to provide a public response,"CITIBANK, N.A.",GA,30571.0,,,Postal mail,1/25/2017,Closed with monetary relief,TRUE,FALSE,2303220
5/11/2014,Credit card,,Other,,,,Synovus Bank,TX,78503,,,Web,5/14/2014,Closed with explanation,TRUE,FALSE,846853
3/1/2014,Credit card,,Other,,,,U.S. BANCORP,PA,19373,,,Web,2/28/2014,Closed with non-monetary relief,TRUE,FALSE,738627
9/22/2014,Credit card,,Other,,,,DISCOVER BANK,GA,30087,,,Referral,9/26/2014,Closed with explanation,TRUE,FALSE,1038412
4/20/2013,Credit card,,Other,,,,DISCOVER BANK,TN,38358.0,,,Web,4/23/2013,Closed with monetary relief,TRUE,FALSE,387199
4/14/2012,Credit card,,Other,,,,"CITIBANK, N.A.",PA,19610,,,Web,4/16/2012,Closed without relief,TRUE,FALSE,58069
9/20/2014,Credit card,,Other,,,,DISCOVER BANK,MI,48178.0,Servicemember,,Web,9/20/2014,Closed with explanation,TRUE,FALSE,1037974
4/11/2016,Mortgage,Other mortgage,Other,,,,ASTORIA BANK,NY,11766,,,Referral,4/11/2016,Closed with explanation,TRUE,FALSE,1874057
4/8/2016,Credit card,,Other,,,,DISCOVER BANK,TX,75134,,,Phone,4/8/2016,Closed with non-monetary relief,TRUE,FALSE,1871756
1/6/2016,Credit card,,Other,,,Company chooses not to provide a public response,"CITIBANK, N.A.",CO,80021,,,Phone,1/6/2016,Closed with explanation,TRUE,FALSE,1730319
4/24/2014,Credit card,,Other,,,,DISCOVER BANK,NY,10013,,,Web,4/23/2014,Closed with non-monetary relief,TRUE,FALSE,823099
11/13/2013,Credit card,,Other,,,,U.S. BANCORP,PA,18059.0,,,Web,11/26/2013,Closed with explanation,TRUE,FALSE,596175
1/2/2013,Mortgage,Other mortgage,Other,,,,"Seterus, Inc.",GA,33016,,,Postal mail,1/4/2013,Closed with explanation,TRUE,FALSE,219565
12/8/2014,Credit card,,Other,,,,"CITIBANK, N.A.",NC,28540,,,Web,12/8/2014,Closed with explanation,TRUE,TRUE,1146482
11/27/2015,Credit card,,Other,,,Company chooses not to provide a public response,U.S. BANCORP,NY,11559,,,Referral,11/30/2015,Closed with monetary relief,TRUE,TRUE,1673818
4/4/2017,Credit card,,Other,,,,DISCOVER BANK,FL,34234.0,,,Phone,4/5/2017,Closed with explanation,TRUE,FALSE,2418723
12/20/2016,Credit card,,Other,,,Company has responded to the consumer and the CFPB and chooses not to provide a public response,"CITIBANK, N.A.",PA,19601,,,Referral,12/21/2016,Closed with explanation,TRUE,FALSE,2257638
11/20/2012,Mortgage,Other mortgage,Other,,,,"Seterus, Inc.",TX,77015,,,Referral,11/26/2012,Closed with explanation,TRUE,FALSE,194090
3/13/2015,Credit card,,Other,,,,"CITIBANK, N.A.",WA,99019,Older American,,Web,3/13/2015,Closed with monetary relief,TRUE,FALSE,1282744
12/21/2011,Credit card,,Other,,,,DISCOVER BANK,NJ,08054,,,Referral,12/21/2011,Closed with relief,TRUE,FALSE,7338
10/2/2014,Credit card,,Other,,,,U.S. BANCORP,KS,66212,,,Referral,10/6/2014,Closed with explanation,TRUE,TRUE,1055955
12/9/2016,Credit card,,Other,,,Company has responded to the consumer and the CFPB and chooses not to provide a public response,U.S. BANCORP,CA,91604,,,Referral,12/13/2016,Closed with explanation,TRUE,FALSE,2243270
4/29/2013,Credit card,,Other,,,,"CITIBANK, N.A.",CA,90210.0,,,Web,4/30/2013,Closed with explanation,TRUE,TRUE,394230
1/11/2017,Mortgage,Other mortgage,Other,,,,PNC Bank N.A.,NY,11211,,,Postal mail,1/12/2017,Closed with explanation,TRUE,FALSE,2285804
9/6/2012,Credit card,,Other,,,,"CITIBANK, N.A.",TX,77034,,,Referral,9/7/2012,Closed with non-monetary relief,TRUE,FALSE,147849
5/18/2012,Mortgage,Other mortgage,Other,,,,"CITIBANK, N.A.",FL,34472,,,Referral,5/22/2012,Closed with relief,TRUE,FALSE,82791
3/19/2014,Mortgage,Other mortgage,Other,,,,U.S. BANCORP,TN,38018.0,,,Referral,3/26/2014,Closed with explanation,TRUE,FALSE,766309
11/12/2013,Credit card,,Other,,,,U.S. BANCORP,CO,80220,,,Postal mail,11/13/2013,Closed with explanation,TRUE,FALSE,595085
1/27/2015,Mortgage,Other mortgage,Other,,,,"Seterus, Inc.",FL,34990,,,Postal mail,1/30/2015,Closed with explanation,TRUE,FALSE,1211625
8/16/2016,Credit card,,Other,,,,DISCOVER BANK,OH,44147,"Older American, Servicemember",,Postal mail,8/17/2016,Closed with explanation,TRUE,FALSE,2066753
8/25/2016,Mortgage,Other mortgage,Other,,,,PNC Bank N.A.,NJ,8081.0,,,Referral,8/29/2016,Closed with explanation,TRUE,FALSE,2080904
3/22/2017,Mortgage,Other mortgage,Other,,,,PNC Bank N.A.,NY,11372.0,,,Postal mail,3/22/2017,Closed with explanation,TRUE,FALSE,2398938
1/20/2014,Credit card,,Other,,,,U.S. BANCORP,SD,57718.0,,,Web,1/19/2014,Closed with explanation,TRUE,TRUE,674403
1/22/2013,Credit card,,Other,,,,PNC Bank N.A.,MI,48174,Older American,,Phone,1/23/2013,Closed with explanation,TRUE,TRUE,252973
3/30/2016,Mortgage,Other mortgage,Other,,,,"Seterus, Inc.",TN,37076,,,Postal mail,4/1/2016,Closed with explanation,TRUE,TRUE,1857278
10/3/2012,Credit card,,Other,,,,"CITIBANK, N.A.",AZ,85304,,,Web,10/4/2012,Closed with explanation,TRUE,FALSE,165275
3/17/2017,Credit card,,Other,,,,DISCOVER BANK,NV,89170,,,Postal mail,3/18/2017,Closed with explanation,TRUE,FALSE,2392739
5/16/2012,Credit card,,Other,,,,U.S. BANCORP,CA,92647,,,Web,5/17/2012,Closed with explanation,TRUE,FALSE,80377
3/28/2017,Credit card,,Other,,,Company has responded to the consumer and the CFPB and chooses not to provide a public response,"CITIBANK, N.A.",WV,25156,,,Postal mail,4/21/2017,Closed with explanation,TRUE,FALSE,2408024
8/20/2013,Credit card,,Other,,,,U.S. BANCORP,AL,35226.0,,,Web,8/22/2013,Closed with explanation,TRUE,TRUE,496677
6/18/2013,Credit card,,Other,,,,DISCOVER BANK,NY,11106.0,,,Web,6/17/2013,Closed with non-monetary relief,TRUE,TRUE,435348
5/19/2016,Mortgage,Other mortgage,Other,,,,"Seterus, Inc.",NC,28802,,,Referral,5/19/2016,Closed with explanation,TRUE,FALSE,1933678
10/11/2013,Credit card,,Other,,,,"CITIBANK, N.A.",MD,21042,,,Referral,10/15/2013,Closed with monetary relief,TRUE,FALSE,557978
2/15/2017,Credit card,,Other,,,Company has responded to the consumer and the CFPB and chooses not to provide a public response,"CITIBANK, N.A.",NE,68501.0,,,Referral,2/22/2017,Closed with explanation,TRUE,FALSE,2344977
5/11/2016,Mortgage,Other mortgage,Other,,,Company has responded to the consumer and the CFPB and chooses not to provide a public response,U.S. BANCORP,CA,95148,,,Postal mail,5/16/2016,Closed with explanation,TRUE,FALSE,1921218
8/25/2014,Credit card,,Other,,,,"CITIBANK, N.A.",NJ,08873,"Older American, Servicemember",,Phone,9/2/2014,Closed with monetary relief,TRUE,FALSE,999162
6/9/2014,Credit card,,Other,,,,"CITIBANK, N.A.",NY,10022.0,,,Postal mail,6/11/2014,Closed with explanation,TRUE,FALSE,886879
5/10/2016,Mortgage,Other mortgage,Other,,,,"Seterus, Inc.",CA,94521,,,Fax,5/12/2016,Closed with explanation,TRUE,FALSE,1919366
10/3/2014,Mortgage,Other mortgage,Other,,,,"CMG MORTGAGE, INC",AZ,85016,,,Postal mail,10/8/2014,Closed with explanation,TRUE,FALSE,1056741
4/20/2017,Mortgage,Other mortgage,Other,,,Company believes it acted appropriately as authorized by contract or law,LENDER LIVE,CA,92507,,,Postal mail,4/21/2017,Closed with explanation,TRUE,FALSE,2443872
9/18/2015,Credit card,,Other,,,,DISCOVER BANK,IL,60103,,,Postal mail,10/30/2015,Closed with explanation,TRUE,FALSE,1570274
3/10/2014,Credit card,,Other,,,,"CITIBANK, N.A.",CA,92882,,,Phone,3/12/2014,Closed with explanation,TRUE,TRUE,755072
1/8/2016,Mortgage,Other mortgage,Other,,,,PNC Bank N.A.,NY,10701,,,Postal mail,1/13/2016,Closed with explanation,TRUE,FALSE,1733650
10/1/2013,Credit card,,Other,,,,"CITIBANK, N.A.",WA,98059,,,Referral,10/2/2013,Closed with monetary relief,TRUE,FALSE,549718
5/17/2013,Credit card,,Other,,,,"EQUIFAX, INC.",OK,74133,Older American,,Web,5/20/2013,Closed with non-monetary relief,TRUE,TRUE,410130
1/5/2012,Credit card,,Other,,,,DISCOVER BANK,CA,90015,,,Referral,5/14/2012,Closed with explanation,TRUE,FALSE,84493
1/17/2013,Credit card,,Other,,,,"CITIBANK, N.A.",SC,29640,,,Web,1/17/2013,Closed with monetary relief,TRUE,FALSE,241499
5/21/2014,Credit card,,Other,,,,DISCOVER BANK,TX,77411.0,,,Phone,5/22/2014,Closed with explanation,TRUE,FALSE,863051
1/18/2017,Credit card,,Other,,,Company has responded to the consumer and the CFPB and chooses not to provide a public response,"CITIBANK, N.A.",TX,75034,,,Referral,1/19/2017,Closed with explanation,TRUE,FALSE,2295037
7/29/2014,Credit card,,Other,,,,Synovus Bank,SC,29212,,,Postal mail,8/13/2014,Closed with explanation,TRUE,FALSE,959591
9/9/2016,Credit card,,Other,,,Company has responded to the consumer and the CFPB and chooses not to provide a public response,"CITIBANK, N.A.",NC,28278,,,Referral,9/14/2016,Closed with explanation,TRUE,FALSE,2103686
5/15/2012,Credit card,,Other,,,,DISCOVER BANK,NC,28789,,,Referral,5/16/2012,Closed with monetary relief,TRUE,TRUE,38815
10/14/2014,Credit card,,Other,,,,DISCOVER BANK,AZ,85024,,,Web,10/14/2014,Closed with explanation,TRUE,FALSE,1069665
3/14/2014,Mortgage,Other mortgage,Other,,,,PNC Bank N.A.,IL,60521.0,,,Postal mail,3/19/2014,Closed with explanation,TRUE,FALSE,767642
3/4/2013,Mortgage,Other mortgage,Other,,,,"CITIBANK, N.A.",FL,34711,,,Referral,3/4/2013,Closed with explanation,TRUE,FALSE,339227
12/3/2011,Credit card,,Other,,,,"CITIBANK, N.A.",WA,98208.0,,,Web,12/5/2011,Closed with relief,TRUE,FALSE,2707
2/22/2013,Credit card,,Other,,,,DISCOVER BANK,AL,35010,,,Referral,2/25/2013,Closed with explanation,TRUE,FALSE,327778
6/7/2012,Mortgage,Other mortgage,Other,,,,"CITIBANK, N.A.",FL,33071,,,Postal mail,6/12/2012,Closed with non-monetary relief,TRUE,FALSE,98620
3/20/2014,Credit card,,Other,,,,U.S. BANCORP,IL,60090.0,,,Web,3/19/2014,Closed with explanation,TRUE,FALSE,770660
11/14/2016,Credit card,,Other,,,,DISCOVER BANK,WA,98019,,,Referral,11/15/2016,Closed with explanation,TRUE,FALSE,2207316
2/26/2014,Credit card,,Other,,,,U.S. BANCORP,CA,92277.0,,,Web,2/26/2014,Closed with explanation,TRUE,TRUE,733527
3/16/2015,Credit card,,Other,,,Company chooses not to provide a public response,"CITIBANK, N.A.",IA,50320,,,Web,3/25/2015,Closed with explanation,TRUE,TRUE,1284385
11/25/2014,Credit card,,Other,,,,DISCOVER BANK,VA,22302,Servicemember,,Web,11/25/2014,Closed with explanation,TRUE,FALSE,1130633
6/3/2013,Credit card,,Other,,,,DISCOVER BANK,FL,32004,,,Web,6/3/2013,Closed with explanation,TRUE,TRUE,423073
10/31/2016,Mortgage,Other mortgage,Other,,,Company believes it acted appropriately as authorized by contract or law,ERC,GA,30324,,,Referral,11/1/2016,Closed with non-monetary relief,TRUE,FALSE,2186284
3/11/2015,Credit card,,Other,,,,"CITIBANK, N.A.",CA,91508,,,Web,3/11/2015,Closed with explanation,TRUE,TRUE,1277980
2/20/2014,Credit card,,Other,,,,"CITIBANK, N.A.",CA,92128.0,,,Referral,2/24/2014,Closed,TRUE,FALSE,722305
2/4/2014,Credit card,,Other,,,,"CITIBANK, N.A.",NJ,07753,,,Web,2/4/2014,Closed with explanation,TRUE,FALSE,698539
6/18/2014,Credit card,,Other,,,,"CITIBANK, N.A.",CA,95670,,,Web,6/18/2014,Closed with non-monetary relief,TRUE,TRUE,899443
11/4/2014,Credit card,,Other,,,,"CITIBANK, N.A.",IN,46205.0,,,Web,11/4/2014,Closed with explanation,TRUE,FALSE,1101749
12/20/2011,Credit card,,Other,,,,DISCOVER BANK,MD,20707,Older American,,Web,12/21/2011,Closed without relief,TRUE,FALSE,7058
12/19/2012,Credit card,,Other,,,,"CITIBANK, N.A.",FL,33584.0,,,Postal mail,2/14/2013,Closed with explanation,TRUE,FALSE,213752
1/21/2014,Credit card,,Other,,,,"CITIBANK, N.A.",FL,32607.0,,,Web,1/24/2014,Closed with non-monetary relief,TRUE,FALSE,677331
12/20/2013,Credit card,,Other,,,,"CITIBANK, N.A.",SC,29203.0,,,Phone,1/3/2014,Closed with non-monetary relief,TRUE,FALSE,640394
6/7/2013,Mortgage,Other mortgage,Other,,,,"CITIBANK, N.A.",GA,30328,,,Referral,6/10/2013,Closed with explanation,TRUE,FALSE,427390
6/6/2012,Mortgage,Other mortgage,Other,,,,"LoanCare, LLC",FL,33169.0,,,Postal mail,6/15/2012,Closed with explanation,TRUE,FALSE,96703
8/9/2014,Credit card,,Other,,,,DISCOVER BANK,FL,33309,,,Web,8/9/2014,Closed with explanation,TRUE,FALSE,976659
11/3/2016,Mortgage,Other mortgage,Other,,,,"Seterus, Inc.",TN,37404,,,Referral,11/7/2016,Closed with explanation,TRUE,TRUE,2192732
1/20/2015,Credit card,,Other,,,,"CITIBANK, N.A.",VA,22030,,,Phone,1/23/2015,Closed with non-monetary relief,TRUE,FALSE,1199253
12/17/2014,Mortgage,Other mortgage,Other,,,,"Seterus, Inc.",NY,11550,,,Referral,12/23/2014,Closed with explanation,TRUE,FALSE,1160533
2/19/2015,Credit card,,Other,,,,"CITIBANK, N.A.",AZ,85224,,,Web,2/19/2015,Closed with non-monetary relief,TRUE,FALSE,1248013
3/25/2013,Credit card,,Other,,,,"CITIBANK, N.A.",MI,49546,,,Referral,3/26/2013,Closed with explanation,TRUE,FALSE,364234
10/23/2013,Credit card,,Other,,,,Synovus Bank,NJ,07416,,,Web,10/25/2013,Closed with explanation,TRUE,TRUE,568401
9/26/2013,Credit card,,Other,,,,"CITIBANK, N.A.",NJ,08081,,,Web,9/26/2013,Closed with explanation,TRUE,TRUE,543809
12/19/2013,Credit card,,Other,,,,DISCOVER BANK,NE,69149,Older American,,Web,12/19/2013,Closed with explanation,TRUE,TRUE,639664
9/26/2012,Credit card,,Other,,,,"CITIBANK, N.A.",FL,33175,,,Web,9/26/2012,Closed with explanation,TRUE,FALSE,159921
2/10/2014,Credit card,,Other,,,,U.S. BANCORP,CO,80044.0,,,Phone,2/11/2014,Closed with explanation,TRUE,FALSE,707431
9/24/2015,Credit card,,Other,,,,DISCOVER BANK,AZ,85658,Older American,,Phone,9/25/2015,Closed with explanation,TRUE,FALSE,1578139
1/27/2017,Mortgage,Other mortgage,Other,,,,"Fay Servicing, LLC",SC,29910.0,,,Referral,2/1/2017,Closed with explanation,TRUE,FALSE,2315328
11/15/2013,Credit card,,Other,,,,U.S. BANCORP,MO,64055,,,Web,11/15/2013,Closed with non-monetary relief,TRUE,FALSE,599881
4/10/2014,Mortgage,Other mortgage,Other,,,,U.S. BANCORP,FL,33076,,,Referral,4/18/2014,Closed with explanation,TRUE,FALSE,802128
9/3/2014,Credit card,,Other,,,,"CITIBANK, N.A.",GA,30311,"Older American, Servicemember",,Web,9/3/2014,Closed with non-monetary relief,TRUE,FALSE,1011623
12/24/2013,Mortgage,Other mortgage,Other,,,,Selene Finance LP,PA,19404,,,Postal mail,1/6/2014,Closed with explanation,TRUE,FALSE,644909
7/8/2015,Mortgage,Other mortgage,Other,,,Company believes it acted appropriately as authorized by contract or law,TCF NATIONAL BANK,IL,60617,,,Referral,7/14/2015,Closed with non-monetary relief,TRUE,FALSE,1457174
9/19/2014,Credit card,,Privacy,,,,DISCOVER BANK,MN,55372,,,Web,9/19/2014,Closed with explanation,TRUE,FALSE,1036629
5/22/2013,Credit card,,Privacy,,,,U.S. BANCORP,TX,76643,,,Web,5/23/2013,Closed with non-monetary relief,TRUE,FALSE,414127
6/19/2013,Credit card,,Privacy,,,,"CITIBANK, N.A.",,,,,Web,6/19/2013,Closed with explanation,TRUE,FALSE,436452
11/30/2012,Credit card,,Privacy,,,,"CITIBANK, N.A.",MN,55901,,,Web,11/30/2012,Closed with explanation,TRUE,TRUE,201095
8/27/2013,Credit card,,Privacy,,,,U.S. BANCORP,NM,87112,Older American,,Postal mail,10/17/2013,Closed with explanation,TRUE,FALSE,501465
11/27/2013,Credit card,,Privacy,,,,"CITIBANK, N.A.",TX,75211,,,Web,11/27/2013,Closed with non-monetary relief,TRUE,FALSE,615121
4/25/2012,Credit card,,Privacy,,,,"CITIBANK, N.A.",FL,32309,,,Web,5/7/2012,Closed without relief,TRUE,FALSE,64811
2/12/2015,Credit card,,Rewards,,,,"CITIBANK, N.A.",NY,11426.0,,,Web,2/12/2015,Closed with monetary relief,TRUE,FALSE,1238458
1/27/2015,Credit card,,Rewards,,,,DISCOVER BANK,PA,19056,,,Web,1/27/2015,Closed with explanation,TRUE,FALSE,1212948
7/28/2015,Credit card,,Rewards,,,,DISCOVER BANK,PA,15212,Older American,,Phone,7/28/2015,Closed with monetary relief,TRUE,FALSE,1490523
2/7/2017,Credit card,,Rewards,,,Company has responded to the consumer and the CFPB and chooses not to provide a public response,U.S. BANCORP,CA,93063,Older American,,Phone,2/10/2017,Closed with explanation,TRUE,TRUE,2333146
3/12/2012,Credit card,,Rewards,,,,"CITIBANK, N.A.",CA,94025,,,Referral,3/20/2012,Closed without relief,TRUE,TRUE,17445
3/6/2015,Credit card,,Rewards,,,,DISCOVER BANK,NC,27519.0,,,Web,3/6/2015,Closed with explanation,TRUE,FALSE,1270607
4/23/2015,Credit card,,Rewards,,,Company chooses not to provide a public response,U.S. BANCORP,IN,46143,,,Referral,4/28/2015,Closed with explanation,TRUE,FALSE,1345749
5/3/2016,Credit card,,Rewards,,,,DISCOVER BANK,NJ,07304,,,Referral,5/6/2016,Closed with non-monetary relief,TRUE,FALSE,1907177
12/16/2014,Credit card,,Rewards,,,,PNC Bank N.A.,GA,30241,Older American,,Web,12/18/2014,Closed with explanation,TRUE,FALSE,1159209
8/20/2012,Credit card,,Rewards,,,,"CITIBANK, N.A.",PA,17257,,,Phone,8/21/2012,Closed with explanation,TRUE,FALSE,138610
2/1/2016,Credit card,,Rewards,,,,KEYCORP,NY,14011,Older American,,Postal mail,2/1/2016,Closed with explanation,TRUE,FALSE,1767563
1/25/2012,Credit card,,Rewards,,,,"CITIBANK, N.A.",CA,92131,,,Referral,1/25/2012,Closed,FALSE,FALSE,16741
9/16/2014,Credit card,,Rewards,,,,DISCOVER BANK,AZ,85375,,,Web,9/16/2014,Closed with monetary relief,TRUE,FALSE,1030081
2/21/2017,Credit card,,Rewards,,,Company has responded to the consumer and the CFPB and chooses not to provide a public response,"CITIBANK, N.A.",TN,37615.0,,,Referral,2/24/2017,Closed with explanation,TRUE,TRUE,2354336
5/11/2015,Credit card,,Rewards,,,Company chooses not to provide a public response,"CITIBANK, N.A.",AR,72396,,,Referral,5/12/2015,Closed with non-monetary relief,TRUE,FALSE,1368829
5/17/2013,Credit card,,Rewards,,,,U.S. BANCORP,WI,53045,,,Web,5/16/2013,Closed with explanation,TRUE,FALSE,409680
12/2/2011,Credit card,,Rewards,,,,"CITIBANK, N.A.",NH,03079,"Older American, Servicemember",,Web,12/6/2011,Closed with relief,TRUE,TRUE,2686
2/3/2013,Credit card,,Rewards,,,,"CITIBANK, N.A.",NH,03038,,,Web,2/4/2013,Closed with explanation,TRUE,FALSE,289867
11/26/2012,Credit card,,Rewards,,,,"CITIBANK, N.A.",CA,92126,,,Web,12/11/2012,Closed with monetary relief,TRUE,FALSE,198137
8/27/2012,Credit card,,Rewards,,,,U.S. BANCORP,CA,94102,,,Referral,8/29/2012,Closed with non-monetary relief,TRUE,FALSE,142543
8/21/2012,Credit card,,Rewards,,,,"CITIBANK, N.A.",NY,11754,Servicemember,,Web,8/21/2012,Closed with explanation,TRUE,FALSE,138277
5/11/2012,Credit card,,Rewards,,,,DISCOVER BANK,NY,10024,,,Web,5/14/2012,Closed without relief,TRUE,FALSE,45357
2/4/2013,Credit card,,Rewards,,,,DISCOVER BANK,IN,46360,,,Web,2/4/2013,Closed with explanation,TRUE,FALSE,296265
12/18/2012,Credit card,,Rewards,,,,"CITIBANK, N.A.",NY,11801,,,Web,1/3/2013,Closed with explanation,TRUE,FALSE,211251
2/15/2014,Credit card,,Rewards,,,,U.S. BANCORP,WI,53954.0,,,Referral,2/19/2014,Closed with monetary relief,TRUE,FALSE,715841
7/29/2014,Credit card,,Rewards,,,,DISCOVER BANK,NY,11941,,,Web,7/29/2014,Closed with explanation,TRUE,FALSE,958433
5/5/2013,Credit card,,Rewards,,,,U.S. BANCORP,DE,19702.0,,,Web,5/5/2013,Closed with monetary relief,TRUE,FALSE,399057
2/27/2013,Credit card,,Rewards,,,,"CITIBANK, N.A.",IL,60062.0,,,Web,2/27/2013,Closed with monetary relief,TRUE,FALSE,336308
9/19/2014,Credit card,,Rewards,,,,"CITIBANK, N.A.",NJ,07456,,,Referral,9/25/2014,Closed with monetary relief,TRUE,FALSE,1036176
2/11/2015,Credit card,,Rewards,,,,DISCOVER BANK,CA,94538,,,Web,2/11/2015,Closed with explanation,TRUE,FALSE,1235300
1/13/2014,Credit card,,Rewards,,,,U.S. BANCORP,PA,48651.0,,,Referral,1/16/2014,Closed with explanation,TRUE,FALSE,666785
5/16/2013,Credit card,,Rewards,,,,DISCOVER BANK,CA,93313,,,Referral,5/17/2013,Closed with explanation,TRUE,TRUE,409394
10/24/2012,Credit card,,Late fee,,,,"CITIBANK, N.A.",CA,94710.0,,,Web,10/25/2012,Closed with explanation,TRUE,FALSE,176993
1/2/2015,Credit card,,Late fee,,,,U.S. BANCORP,AR,72160,,,Web,1/2/2015,Closed with monetary relief,TRUE,FALSE,1178179
11/18/2014,Credit card,,Late fee,,,,"CITIBANK, N.A.",CA,92660,,,Web,11/18/2014,Closed with monetary relief,TRUE,FALSE,1121753
11/5/2013,Credit card,,Late fee,,,,"CITIBANK, N.A.",MD,21228,,,Phone,11/6/2013,Closed with monetary relief,TRUE,FALSE,586069
10/11/2012,Credit card,,Late fee,,,,"CITIBANK, N.A.",NY,11427,,,Referral,11/14/2012,Closed with monetary relief,TRUE,FALSE,169822
4/16/2014,Credit card,,Late fee,,,,DISCOVER BANK,FL,34223.0,Older American,,Web,4/16/2014,Closed with monetary relief,TRUE,FALSE,811264
4/6/2013,Credit card,,Late fee,,,,"CITIBANK, N.A.",IL,60103,,,Web,4/6/2013,Closed with monetary relief,TRUE,FALSE,375905
5/9/2012,Credit card,,Late fee,,,,"CITIBANK, N.A.",FL,34288,,,Referral,5/9/2012,Closed with relief,TRUE,FALSE,74029
7/19/2012,Credit card,,Late fee,,,,"CITIBANK, N.A.",CA,92530.0,Servicemember,,Web,7/23/2012,Closed with monetary relief,TRUE,FALSE,120525
11/29/2014,Credit card,,Late fee,,,,"CITIBANK, N.A.",IL,62226,Servicemember,,Web,11/29/2014,Closed with monetary relief,TRUE,FALSE,1135808
1/4/2014,Credit card,,Late fee,,,,DISCOVER BANK,CA,96049,,,Web,1/4/2014,Closed with explanation,TRUE,TRUE,655131
1/5/2015,Credit card,,Late fee,,,,"CITIBANK, N.A.",TX,78701,,,Web,1/5/2015,Closed with monetary relief,TRUE,FALSE,1180866
1/1/2013,Credit card,,Late fee,,,,"CITIBANK, N.A.",MO,63122.0,,,Web,1/3/2013,Closed with monetary relief,TRUE,FALSE,219516
4/7/2017,Credit card,,Late fee,,,Company has responded to the consumer and the CFPB and chooses not to provide a public response,"CITIBANK, N.A.",NY,11365.0,,,Fax,4/7/2017,Closed with monetary relief,TRUE,FALSE,2424210
11/15/2016,Credit card,,Late fee,,,Company has responded to the consumer and the CFPB and chooses not to provide a public response,"CITIBANK, N.A.",MI,48740,,,Postal mail,11/16/2016,Closed with monetary relief,TRUE,FALSE,2208485
2/1/2013,Credit card,,Late fee,,,,"CITIBANK, N.A.",WA,98026,,,Referral,2/4/2013,Closed with monetary relief,TRUE,FALSE,285962
6/29/2013,Credit card,,Late fee,,,,PNC Bank N.A.,TX,75152,,,Referral,7/2/2013,Closed with explanation,TRUE,TRUE,446284
1/22/2014,Credit card,,Late fee,,,,"CITIBANK, N.A.",NY,11554.0,,,Web,1/23/2014,Closed with monetary relief,TRUE,FALSE,680962
10/29/2015,Credit card,,Late fee,,,Company chooses not to provide a public response,"CITIBANK, N.A.",NJ,07726,,,Referral,10/30/2015,Closed with monetary relief,TRUE,FALSE,1631020
5/21/2014,Credit card,,Late fee,,,,"CITIBANK, N.A.",CA,92651,,,Phone,5/22/2014,Closed with monetary relief,TRUE,FALSE,862783
3/8/2017,Credit card,,Late fee,,,,DISCOVER BANK,CA,94549,,,Postal mail,3/13/2017,Closed with monetary relief,TRUE,FALSE,2377956
12/6/2014,Credit card,,Late fee,,,,DISCOVER BANK,CA,92373,,,Web,12/6/2014,Closed with explanation,TRUE,FALSE,1145913
4/3/2014,Credit card,,Late fee,,,,"CITIBANK, N.A.",CA,94563.0,,,Web,4/3/2014,Closed with monetary relief,TRUE,FALSE,792257
8/26/2015,Credit card,,Late fee,,,Company chooses not to provide a public response,"CITIBANK, N.A.",WA,98370.0,,,Postal mail,9/2/2015,Closed with explanation,TRUE,FALSE,1537573
8/9/2012,Credit card,,Late fee,,,,U.S. BANCORP,UT,84721,,,Web,8/13/2012,Closed with explanation,TRUE,FALSE,133296
5/9/2016,Credit card,,Late fee,,,Company has responded to the consumer and the CFPB and chooses not to provide a public response,"CITIBANK, N.A.",IL,61821,,,Referral,5/11/2016,Closed with explanation,TRUE,FALSE,1916055
3/25/2016,Credit card,,Late fee,,,Company has responded to the consumer and the CFPB and chooses not to provide a public response,"CITIBANK, N.A.",OR,97002,,,Referral,3/29/2016,Closed with monetary relief,TRUE,FALSE,1851071
7/14/2012,Credit card,,Late fee,,,,"CITIBANK, N.A.",CA,90066,,,Web,7/17/2012,Closed with monetary relief,TRUE,FALSE,117530
1/19/2017,Credit card,,Late fee,,,Company has responded to the consumer and the CFPB and chooses not to provide a public response,"CITIBANK, N.A.",NJ,07030,,,Postal mail,1/24/2017,Closed with explanation,TRUE,FALSE,2296884
2/9/2012,Credit card,,Late fee,,,,U.S. BANCORP,FL,32931,,,Web,2/10/2012,Closed with relief,TRUE,FALSE,21967
11/1/2012,Credit card,,Late fee,,,,"CITIBANK, N.A.",CA,93950,Older American,,Web,11/2/2012,Closed with explanation,TRUE,FALSE,183202
4/28/2016,Credit card,,Late fee,,,Company has responded to the consumer and the CFPB and chooses not to provide a public response,"CITIBANK, N.A.",GA,30340,,,Fax,5/2/2016,Closed with monetary relief,TRUE,FALSE,1901382
2/16/2014,Credit card,,Late fee,,,,"CITIBANK, N.A.",TX,75494.0,,,Web,2/16/2014,Closed with monetary relief,TRUE,FALSE,716230
8/7/2014,Credit card,,Late fee,,,,"CITIBANK, N.A.",,,,,Referral,8/11/2014,Closed with monetary relief,TRUE,FALSE,973879
11/14/2016,Credit card,,Late fee,,,,KEYCORP,NY,13126,,,Referral,11/15/2016,Closed with monetary relief,TRUE,FALSE,2206835
9/28/2014,Credit card,,Late fee,,,,"CITIBANK, N.A.",GA,30307,,,Web,9/28/2014,Closed with monetary relief,TRUE,FALSE,1048334
5/13/2015,Credit card,,Late fee,,,Company chooses not to provide a public response,"CITIBANK, N.A.",NY,11234,,,Phone,5/14/2015,Closed with monetary relief,TRUE,FALSE,1373884
1/24/2014,Credit card,,Late fee,,,,"CITIBANK, N.A.",TN,37216.0,,,Web,1/24/2014,Closed with monetary relief,TRUE,FALSE,684377
2/15/2017,Credit card,,Late fee,,,,KEYCORP,NY,14132,,,Referral,2/17/2017,Closed with explanation,TRUE,FALSE,2344173
12/2/2011,Credit card,,Late fee,,,,"CITIBANK, N.A.",NY,11710,,,Referral,12/2/2011,Closed with relief,TRUE,FALSE,2603
10/11/2013,Credit card,,Late fee,,,,"CITIBANK, N.A.",CA,95008,,,Web,10/15/2013,Closed with explanation,TRUE,FALSE,558133
12/30/2012,Credit card,,Late fee,,,,"CITIBANK, N.A.",SC,29708,,,Web,12/30/2012,Closed with monetary relief,TRUE,FALSE,218965
8/15/2016,Credit card,,Late fee,,,Company has responded to the consumer and the CFPB and chooses not to provide a public response,U.S. BANCORP,CA,95125.0,,,Phone,8/17/2016,Closed with explanation,TRUE,FALSE,2063222
8/27/2013,Credit card,,Late fee,,,,"CITIBANK, N.A.",CA,90803.0,,,Web,8/26/2013,Closed with monetary relief,TRUE,FALSE,504944
8/7/2013,Credit card,,Late fee,,,,"CITIBANK, N.A.",CA,94523,,,Web,8/7/2013,Closed with monetary relief,TRUE,FALSE,488956
11/13/2014,Credit card,,Late fee,,,,"CITIBANK, N.A.",UT,84120,,,Web,11/13/2014,Closed with monetary relief,TRUE,FALSE,1114332
4/7/2014,Credit card,,Late fee,,,,U.S. BANCORP,CA,92840,,,Referral,4/9/2014,Closed with monetary relief,TRUE,FALSE,796227
1/24/2012,Credit card,,Late fee,,,,U.S. BANCORP,WI,54956.0,Servicemember,,Postal mail,1/26/2012,Closed with relief,TRUE,FALSE,7459
8/17/2016,Credit card,,Other fee,,,,Comerica,TX,78251,,,Referral,8/23/2016,Closed with monetary relief,TRUE,FALSE,2068522
12/12/2011,Credit card,,Other fee,,,,"CITIBANK, N.A.",NJ,10956.0,,,Phone,12/15/2011,Closed without relief,TRUE,FALSE,5038
10/27/2012,Credit card,,Other fee,,,,"CITIBANK, N.A.",WA,98033.0,,,Postal mail,10/30/2012,Closed with monetary relief,TRUE,FALSE,179253
1/7/2014,Credit card,,Other fee,,,,U.S. BANCORP,CA,90260,,,Web,1/10/2014,Closed with monetary relief,TRUE,FALSE,658346
8/16/2012,Credit card,,Other fee,,,,"CITIBANK, N.A.",OR,97211,,,Web,8/23/2012,Closed with monetary relief,TRUE,FALSE,136498
10/26/2013,Credit card,,Other fee,,,,U.S. BANCORP,NY,14521.0,Older American,,Web,10/29/2013,Closed with explanation,TRUE,FALSE,572495
8/11/2015,Credit card,,Other fee,,,Company chooses not to provide a public response,"CITIBANK, N.A.",NY,10312,,,Postal mail,8/12/2015,Closed with non-monetary relief,TRUE,FALSE,1514133
9/25/2012,Credit card,,Other fee,,,,DISCOVER BANK,CO,80229,,,Phone,9/25/2012,Closed with explanation,TRUE,FALSE,159612
1/20/2012,Credit card,,Other fee,,,,U.S. BANCORP,CA,91607,Older American,,Web,1/20/2012,Closed without relief,TRUE,TRUE,15245
10/17/2013,Credit card,,Other fee,,,,"CITIBANK, N.A.",VA,22152,,,Phone,10/17/2013,Closed with explanation,TRUE,FALSE,561611
6/2/2014,Credit card,,Other fee,,,,"CITIBANK, N.A.",CA,95006.0,,,Web,6/5/2014,Closed with monetary relief,TRUE,FALSE,877022
10/1/2015,Credit card,,Other fee,,,Company chooses not to provide a public response,"CITIBANK, N.A.",FL,32825,,,Referral,10/2/2015,Closed with monetary relief,TRUE,FALSE,1589630
1/22/2013,Credit card,,Other fee,,,,DISCOVER BANK,IN,46226,,,Web,1/22/2013,Closed with explanation,TRUE,FALSE,259597
6/10/2013,Credit card,,Other fee,,,,U.S. BANCORP,CA,92808,,,Web,6/10/2013,Closed with monetary relief,TRUE,FALSE,428772
5/20/2014,Credit card,,Other fee,,,,U.S. BANCORP,MI,48908,Servicemember,,Web,5/20/2014,Closed with non-monetary relief,TRUE,FALSE,861444
8/29/2016,Credit card,,Other fee,,,Company has responded to the consumer and the CFPB and chooses not to provide a public response,"CITIBANK, N.A.",CA,95959,,,Referral,9/1/2016,Closed with monetary relief,TRUE,FALSE,2086604
11/29/2013,Credit card,,Other fee,,,,U.S. BANCORP,IA,51534.0,,,Referral,11/29/2013,Closed with non-monetary relief,TRUE,FALSE,616010
9/30/2016,Credit card,,Other fee,,,Company has responded to the consumer and the CFPB and chooses not to provide a public response,"CITIBANK, N.A.",IL,60098.0,Older American,,Postal mail,10/4/2016,Closed with monetary relief,TRUE,FALSE,2142844
11/7/2014,Credit card,,Other fee,,,,"CITIBANK, N.A.",MD,21212,,,Web,11/7/2014,Closed with explanation,TRUE,TRUE,1107773
6/25/2013,Credit card,,Other fee,,,,"CITIBANK, N.A.",MD,20878.0,,,Web,6/25/2013,Closed with explanation,TRUE,FALSE,441630
7/25/2012,Credit card,,Other fee,,,,"CITIBANK, N.A.",TX,78212,,,Web,7/30/2012,Closed with explanation,TRUE,FALSE,124379
2/3/2014,Credit card,,Other fee,,,,U.S. BANCORP,IL,61821.0,,,Web,2/3/2014,Closed with explanation,TRUE,FALSE,697168
12/20/2011,Credit card,,Other fee,,,,"CITIBANK, N.A.",CA,90274.0,,,Referral,12/30/2011,Closed with relief,TRUE,FALSE,6921
6/20/2012,Credit card,,Other fee,,,,"CITIBANK, N.A.",FL,34684,Older American,,Postal mail,6/28/2012,Closed with explanation,TRUE,TRUE,104982
9/25/2012,Credit card,,Other fee,,,,"CITIBANK, N.A.",AR,72758,,,Web,9/25/2012,Closed with monetary relief,TRUE,FALSE,158697
4/27/2012,Credit card,,Other fee,,,,DISCOVER BANK,NY,11223,,,Referral,5/1/2012,Closed without relief,TRUE,FALSE,68809
3/2/2013,Credit card,,Other fee,,,,"CITIBANK, N.A.",UT,84093.0,,,Web,3/4/2013,Closed with monetary relief,TRUE,FALSE,339870
11/16/2014,Credit card,,Other fee,,,,"CITIBANK, N.A.",CA,90032.0,,,Web,11/16/2014,Closed with monetary relief,TRUE,FALSE,1118856
12/2/2011,Credit card,,Other fee,,,,KEYCORP,OR,97202,,,Web,12/10/2012,Closed with explanation,TRUE,FALSE,2644
7/21/2012,Credit card,,Bankruptcy,,,,"CITIBANK, N.A.",AZ,85027.0,,,Web,7/24/2012,Closed with explanation,TRUE,FALSE,121796
11/4/2014,Credit card,,Bankruptcy,,,,DISCOVER BANK,GA,31820.0,,,Web,11/4/2014,Closed with explanation,TRUE,FALSE,1101774
3/8/2015,Credit card,,Bankruptcy,,,,U.S. BANCORP,NV,89434.0,,,Web,3/8/2015,Closed with explanation,TRUE,FALSE,1272443
12/6/2011,Credit card,,Bankruptcy,,,,U.S. BANCORP,MN,55343,,,Web,12/7/2011,Closed without relief,TRUE,TRUE,3409
12/18/2018,Credit card or prepaid card,General-purpose prepaid card,Advertising,Confusing or misleading advertising about the card,,Company has responded to the consumer and the CFPB and chooses not to provide a public response,U.S. BANCORP,,,,,Phone,12/19/2018,Closed with monetary relief,TRUE,,3104174
5/8/2013,Credit card,,Arbitration,,,,Comerica,TX,77221,,,Web,5/9/2013,Closed with explanation,TRUE,FALSE,401774
6/20/2012,Credit card,,Arbitration,,,,DISCOVER BANK,GA,30041,,,Web,6/21/2012,Closed with explanation,TRUE,FALSE,104875
11/9/2016,Credit card,,Arbitration,,,,DISCOVER BANK,MA,02476,Older American,,Phone,11/9/2016,Closed with explanation,TRUE,FALSE,2201824
4/8/2013,Credit card,,Arbitration,,,,DISCOVER BANK,MN,55920,,,Web,4/9/2013,Closed with monetary relief,TRUE,FALSE,376552
1/1/2014,Credit card,,Arbitration,,,,"CITIBANK, N.A.",NV,89801,,,Web,1/1/2014,Closed with monetary relief,TRUE,FALSE,651263
9/15/2015,Prepaid card,General purpose card,Adding money,,,Company chooses not to provide a public response,U.S. BANCORP,IL,60193,,,Referral,9/18/2015,Closed with explanation,TRUE,FALSE,1566729
6/10/2016,Prepaid card,Mobile wallet,Adding money,,,Company believes it acted appropriately as authorized by contract or law,JPay Inc.,OK,73547,,,Postal mail,6/15/2016,Closed,TRUE,FALSE,1964592
7/10/2015,Prepaid card,Government benefit payment card,Adding money,,,,Comerica,WV,24910,,,Phone,7/16/2015,Closed with explanation,TRUE,FALSE,1463071
1/25/2012,Credit card,,Cash advance,,,,"CITIBANK, N.A.",AL,35816,Older American,,Web,1/25/2012,Closed without relief,TRUE,FALSE,16613
1/17/2012,Credit card,,Cash advance,,,,DISCOVER BANK,NY,10310,Older American,,Web,1/18/2012,Closed without relief,TRUE,TRUE,14730
9/27/2012,Credit card,,Cash advance,,,,"CITIBANK, N.A.",NY,11431,Older American,,Phone,9/27/2012,Closed with non-monetary relief,TRUE,FALSE,161142
6/11/2014,Credit card,,Cash advance,,,,DISCOVER BANK,FL,33415,Older American,,Web,6/11/2014,Closed with explanation,TRUE,FALSE,890568
4/30/2014,Credit card,,Cash advance,,,,DISCOVER BANK,LA,70360,,,Web,4/30/2014,Closed with explanation,TRUE,TRUE,833138
9/23/2014,Credit card,,Cash advance,,,,DISCOVER BANK,MN,56258,,,Web,9/23/2014,Closed with explanation,TRUE,TRUE,1040531
3/14/2017,Credit card,,Cash advance,,,,PNC Bank N.A.,FL,33407.0,,,Referral,3/16/2017,Closed with explanation,TRUE,FALSE,2385953
4/9/2013,Credit card,,Cash advance,,,,DISCOVER BANK,NJ,7032.0,"Older American, Servicemember",,Postal mail,4/9/2013,Closed with explanation,TRUE,TRUE,377294
2/8/2015,Prepaid card,Government benefit payment card,Fraud or scam,,,,Comerica,CA,95949,,,Web,2/12/2015,Closed with monetary relief,TRUE,FALSE,1230616
2/8/2023,"Money transfer, virtual currency, or money service",Check cashing service,Fraud or scam,,,,"Block, Inc.",NY,11772,,,Web,2/8/2023,Closed with explanation,TRUE,,6546696
3/5/2015,Prepaid card,Government benefit payment card,Fraud or scam,,,,Comerica,IL,60445,,,Postal mail,3/11/2015,Closed with monetary relief,TRUE,FALSE,1269181
10/28/2016,Prepaid card,Government benefit payment card,Fraud or scam,,,,Comerica,PA,19320,Servicemember,,Phone,10/31/2016,Closed with explanation,TRUE,FALSE,2183723
1/27/2023,"Money transfer, virtual currency, or money service",Mobile or digital wallet,Fraud or scam,,,,"Block, Inc.",NC,28376.0,,,Web,1/27/2023,Closed with explanation,TRUE,,6490378
1/21/2021,"Money transfer, virtual currency, or money service",Domestic (US) money transfer,Fraud or scam,,,Company has responded to the consumer and the CFPB and chooses not to provide a public response,"CITIBANK, N.A.",,,"Older American, Servicemember",,Phone,1/21/2021,Closed with explanation,TRUE,,4082682
2/22/2022,"Money transfer, virtual currency, or money service",Mobile or digital wallet,Fraud or scam,,,,"Block, Inc.",NC,28555.0,,,Phone,2/23/2022,Closed with explanation,TRUE,,5251474
9/11/2021,"Money transfer, virtual currency, or money service",International money transfer,Fraud or scam,,,,PNC Bank N.A.,CA,92503.0,,,Referral,9/14/2021,Closed with explanation,TRUE,,4719806
5/24/2021,"Money transfer, virtual currency, or money service",Virtual currency,Fraud or scam,,,,"Coinbase, Inc.",NY,12205.0,Older American,,Phone,5/24/2021,Closed with explanation,TRUE,,4402156
2/5/2023,"Money transfer, virtual currency, or money service",Mobile or digital wallet,Fraud or scam,,,,"Block, Inc.",CA,90291.0,,,Web,2/5/2023,Closed with explanation,TRUE,,6522470
3/9/2023,"Money transfer, virtual currency, or money service",Mobile or digital wallet,Fraud or scam,,,,"Block, Inc.",FL,34608.0,Servicemember,,Web,3/9/2023,Closed with explanation,TRUE,,6672968
6/10/2021,"Money transfer, virtual currency, or money service",International money transfer,Fraud or scam,,,,PNC Bank N.A.,PA,,,,Referral,6/10/2021,Closed with explanation,TRUE,,4449236
3/2/2023,"Money transfer, virtual currency, or money service",Mobile or digital wallet,Fraud or scam,,,,"Block, Inc.",MO,63141.0,,,Web,3/2/2023,Closed with explanation,TRUE,,6641867
3/3/2023,"Credit reporting, credit repair services, or other personal consumer reports",Credit repair services,Fraud or scam,,,,DISCOVER BANK,NV,89147.0,,,Web,3/3/2023,Closed with explanation,TRUE,,6636891
5/21/2019,"Money transfer, virtual currency, or money service",Mobile or digital wallet,Fraud or scam,,,,Square Inc,,,,,Phone,5/21/2019,Closed with monetary relief,FALSE,,3249220
5/31/2022,"Money transfer, virtual currency, or money service",Mobile or digital wallet,Fraud or scam,,,,"Coinbase, Inc.",GA,30064,,,Referral,6/9/2022,Closed with explanation,TRUE,,5652460
3/24/2021,"Money transfer, virtual currency, or money service",Mobile or digital wallet,Fraud or scam,,,,Square Inc,TX,77584.0,,,Phone,3/24/2021,Closed with explanation,TRUE,,4241535
8/29/2019,"Money transfer, virtual currency, or money service",Domestic (US) money transfer,Fraud or scam,,,Company has responded to the consumer and the CFPB and chooses not to provide a public response,U.S. BANCORP,CA,92659,,,Referral,8/29/2019,Closed with explanation,TRUE,,3357703
1/23/2023,"Money transfer, virtual currency, or money service",Mobile or digital wallet,Fraud or scam,,,,"Block, Inc.",GA,30294.0,,,Web,1/23/2023,Closed with explanation,TRUE,,6470647
7/12/2021,"Money transfer, virtual currency, or money service",Mobile or digital wallet,Fraud or scam,,,,Square Inc,NY,11798.0,,,Phone,7/14/2021,Closed with explanation,TRUE,,4535501
12/5/2016,Prepaid card,Government benefit payment card,Fraud or scam,,,,Comerica,OH,44505.0,,,Phone,12/6/2016,Closed with monetary relief,TRUE,FALSE,2236283
1/28/2015,Prepaid card,Government benefit payment card,Fraud or scam,,,,Comerica,AK,99501,,,Postal mail,2/2/2015,Closed with explanation,TRUE,FALSE,1214139
7/15/2020,"Money transfer, virtual currency, or money service",Mobile or digital wallet,Fraud or scam,,,,Square Inc,MA,01007,,,Phone,7/15/2020,Closed with explanation,TRUE,,3747537
2/17/2023,"Money transfer, virtual currency, or money service",Virtual currency,Fraud or scam,,,,PNC Bank N.A.,FL,33525.0,Servicemember,,Web,2/17/2023,Closed with explanation,TRUE,,6586910
6/6/2022,"Money transfer, virtual currency, or money service",Mobile or digital wallet,Fraud or scam,,,,"Block, Inc.",AL,35143,,,Phone,6/6/2022,Closed with explanation,TRUE,,5639667
3/2/2017,Prepaid card,Gift or merchant card,Fraud or scam,,,Company has responded to the consumer and the CFPB and chooses not to provide a public response,U.S. BANCORP,CA,94088,,,Postal mail,3/7/2017,Closed with monetary relief,TRUE,FALSE,2368004
7/18/2022,"Money transfer, virtual currency, or money service",Domestic (US) money transfer,Fraud or scam,,,,"Remitly, Inc.",NJ,07065,,,Phone,7/24/2022,Closed with explanation,TRUE,,5783638
11/23/2022,"Credit reporting, credit repair services, or other personal consumer reports",Credit repair services,Fraud or scam,,,,"Upgrade, Inc.",MN,55046.0,,,Web,1/26/2023,Closed with explanation,TRUE,,6238294
9/16/2019,"Money transfer, virtual currency, or money service",Mobile or digital wallet,Fraud or scam,,,,Square Inc,KY,40361.0,,,Phone,9/17/2019,Closed with explanation,TRUE,,3375793
1/25/2023,"Money transfer, virtual currency, or money service",Domestic (US) money transfer,Fraud or scam,,,,"Block, Inc.",CA,94605,,,Web,1/25/2023,Closed with explanation,TRUE,,6484683
2/7/2023,"Money transfer, virtual currency, or money service",Domestic (US) money transfer,Fraud or scam,,,,EAST WEST BANK,IA,51301,Older American,,Web,2/7/2023,Closed with explanation,FALSE,,6535047
3/11/2022,"Money transfer, virtual currency, or money service",Virtual currency,Fraud or scam,,,,"Foris DAX, Inc.",MA,1040.0,,,Phone,3/11/2022,Closed with explanation,TRUE,,5317177
4/28/2020,"Money transfer, virtual currency, or money service",Domestic (US) money transfer,Fraud or scam,,,,Square Inc,,,,,Phone,4/28/2020,Closed with explanation,TRUE,,3627117
3/13/2019,"Money transfer, virtual currency, or money service",Domestic (US) money transfer,Fraud or scam,,,Company has responded to the consumer and the CFPB and chooses not to provide a public response,"CITIBANK, N.A.",,,,,Phone,3/15/2019,Closed with explanation,TRUE,,3178569
1/31/2018,"Money transfer, virtual currency, or money service",Virtual currency,Fraud or scam,,,,"Coinbase, Inc.",CA,91710.0,,,Postal mail,2/2/2018,Closed with explanation,TRUE,,2799262
9/6/2022,"Money transfer, virtual currency, or money service",Mobile or digital wallet,Fraud or scam,,,,"Coinbase, Inc.",CT,6484.0,,,Referral,9/12/2022,Closed with monetary relief,TRUE,,5975298
2/23/2023,"Money transfer, virtual currency, or money service",Mobile or digital wallet,Fraud or scam,,,,"Block, Inc.",WI,54303.0,,,Phone,2/23/2023,Closed with explanation,TRUE,,6608114
3/7/2014,Money transfers,Domestic (US) money transfer,Fraud or scam,,,,POPULAR BANK,NY,11374,Older American,,Web,3/7/2014,Closed with explanation,TRUE,FALSE,751002
3/17/2020,"Money transfer, virtual currency, or money service",Domestic (US) money transfer,Fraud or scam,,,,Square Inc,,,,,Phone,3/17/2020,Closed with explanation,TRUE,,3569505
3/7/2023,"Money transfer, virtual currency, or money service",Virtual currency,Fraud or scam,,,,"Coinbase, Inc.",SC,29582.0,Older American,,Web,3/7/2023,Closed with explanation,TRUE,,6652225
1/7/2015,Prepaid card,General purpose card,Fraud or scam,,,,U.S. BANCORP,CA,90630,"Older American, Servicemember",,Web,1/13/2015,Closed with monetary relief,TRUE,FALSE,1185131
5/12/2022,"Money transfer, virtual currency, or money service",Domestic (US) money transfer,Fraud or scam,,,Company has responded to the consumer and the CFPB and chooses not to provide a public response,U.S. BANCORP,MO,63034,,,Phone,5/12/2022,Closed with explanation,TRUE,,5553681
10/27/2015,Prepaid card,Government benefit payment card,Fraud or scam,,,,Comerica,CT,06112,,,Phone,10/30/2015,Closed with explanation,TRUE,FALSE,1627316
6/10/2021,"Money transfer, virtual currency, or money service",Mobile or digital wallet,Fraud or scam,,,,Square Inc,FL,34748.0,Older American,,Phone,6/10/2021,Closed with explanation,TRUE,,4449137
3/9/2021,"Money transfer, virtual currency, or money service",Mobile or digital wallet,Fraud or scam,,,,Square Inc,NM,87507.0,Older American,,Phone,3/9/2021,Closed with explanation,TRUE,,4197527
7/8/2022,"Money transfer, virtual currency, or money service",Traveler's check or cashier's check,Fraud or scam,,,Company has responded to the consumer and the CFPB and chooses not to provide a public response,U.S. BANCORP,TN,37122,,,Web Referral,7/8/2022,Closed with explanation,TRUE,,5749795
2/28/2023,"Money transfer, virtual currency, or money service",Virtual currency,Fraud or scam,,,,COMMERCE BANK,KS,67002.0,,,Web,2/28/2023,Closed with explanation,FALSE,,6629618
6/7/2022,"Money transfer, virtual currency, or money service",Mobile or digital wallet,Fraud or scam,,,,"Block, Inc.",TN,37764.0,,,Phone,6/7/2022,Closed with explanation,TRUE,,5642848
4/20/2020,"Credit reporting, credit repair services, or other personal consumer reports",Credit repair services,Fraud or scam,,,,"EQUIFAX, INC.",NC,27834.0,,,Phone,4/20/2020,Closed with explanation,TRUE,,3614309
10/3/2017,"Money transfer, virtual currency, or money service",Traveler's check or cashier's check,Fraud or scam,,,Company has responded to the consumer and the CFPB and chooses not to provide a public response,U.S. BANCORP,AZ,85757.0,,,Referral,10/3/2017,Closed with explanation,TRUE,,2691888
9/17/2015,Prepaid card,Government benefit payment card,Fraud or scam,,,,Comerica,MA,02151,,,Referral,9/22/2015,Closed with monetary relief,TRUE,FALSE,1569494
2/24/2021,"Money transfer, virtual currency, or money service",Mobile or digital wallet,Fraud or scam,,,,Square Inc,FL,33127,,,Phone,2/24/2021,Closed with explanation,TRUE,,4163689
1/25/2022,"Money transfer, virtual currency, or money service",Domestic (US) money transfer,Fraud or scam,,,Company has responded to the consumer and the CFPB and chooses not to provide a public response,U.S. BANCORP,OH,43334.0,Older American,,Phone,1/25/2022,Closed with explanation,TRUE,,5148937
7/20/2021,"Money transfer, virtual currency, or money service",Mobile or digital wallet,Fraud or scam,,,,Square Inc,GA,31096.0,,,Postal mail,7/20/2021,Closed with explanation,TRUE,,4558524
6/13/2022,"Money transfer, virtual currency, or money service",Domestic (US) money transfer,Fraud or scam,,,,"Block, Inc.",LA,70815.0,,,Phone,6/13/2022,Closed with explanation,TRUE,,5664798
3/8/2022,"Money transfer, virtual currency, or money service",Domestic (US) money transfer,Fraud or scam,,,,"Block, Inc.",TX,77429.0,,,Phone,3/8/2022,Closed with explanation,TRUE,,5298791
3/4/2023,"Money transfer, virtual currency, or money service",Mobile or digital wallet,Fraud or scam,,,,"Block, Inc.",GA,30084.0,,,Web,3/4/2023,Closed with explanation,TRUE,,6646398
6/24/2021,"Money transfer, virtual currency, or money service",Mobile or digital wallet,Fraud or scam,,,,Square Inc,CA,91202.0,,,Referral,6/28/2021,Closed with explanation,TRUE,,4497378
3/22/2022,"Money transfer, virtual currency, or money service",Domestic (US) money transfer,Fraud or scam,,,,DISCOVER BANK,MD,21157.0,,,Referral,3/22/2022,Closed with monetary relief,TRUE,,5350323
8/3/2018,"Money transfer, virtual currency, or money service",Debt settlement,Fraud or scam,,,Company has responded to the consumer and the CFPB and chooses not to provide a public response,"CITIBANK, N.A.",MS,39470.0,,,Phone,8/21/2018,Closed with explanation,TRUE,,2982424
2/1/2016,Prepaid card,Government benefit payment card,Fraud or scam,,,,Comerica,NY,13618,,,Postal mail,2/3/2016,Closed with explanation,TRUE,TRUE,1766318
7/29/2019,"Money transfer, virtual currency, or money service",Mobile or digital wallet,Fraud or scam,,,,Square Inc,,,,,Phone,7/29/2019,Closed with explanation,TRUE,,3322327
7/31/2012,Credit card,,Overlimit fee,,,,"CITIBANK, N.A.",NV,89052,,,Web,8/2/2012,Closed with explanation,TRUE,TRUE,127441
3/5/2014,Credit card,,Overlimit fee,,,,U.S. BANCORP,CA,90015.0,,,Fax,3/6/2014,Closed with explanation,TRUE,TRUE,745928
6/10/2016,Other financial service,Money order,Excessive fees,,,Company believes it acted appropriately as authorized by contract or law,JPay Inc.,PA,19426,,,Postal mail,6/13/2016,Closed,TRUE,FALSE,1965051
1/22/2013,Student loan,Non-federal student loan,Getting a loan,,,,KEYCORP,AZ,85326,,,Web,1/23/2013,Closed with explanation,TRUE,TRUE,253364
11/27/2012,Student loan,Non-federal student loan,Getting a loan,Can't qualify for a loan,,,KEYCORP,OH,45315,,,Referral,11/30/2012,Closed with explanation,TRUE,TRUE,198478
6/28/2017,Student loan,Private student loan,Getting a loan,Denied loan,,,DISCOVER BANK,MA,2467.0,,,Postal mail,6/28/2017,Closed with explanation,TRUE,,2561193
8/18/2021,Student loan,Private student loan,Getting a loan,Denied loan,,,DISCOVER BANK,VA,22153.0,,,Phone,8/18/2021,Closed with explanation,TRUE,,4641619
2/20/2013,Student loan,Non-federal student loan,Getting a loan,,,,ACCESS GROUP INC.,OH,44145.0,,,Web,3/1/2013,Closed with explanation,TRUE,FALSE,323524
4/4/2014,Student loan,Non-federal student loan,Getting a loan,Can't qualify for a loan,,,SLM CORPORATION,MO,64759.0,,,Web,4/3/2014,Closed with non-monetary relief,TRUE,FALSE,793384
1/28/2013,Student loan,Non-federal student loan,Getting a loan,,,,DISCOVER BANK,MI,49855,,,Web,1/29/2013,Closed with explanation,TRUE,FALSE,265691
4/21/2021,Student loan,Private student loan,Getting a loan,Problem with the interest rate,,,Ascent Holding Co,MN,55433,,,Phone,4/21/2021,Closed with explanation,FALSE,,4317006
5/21/2020,Student loan,Private student loan,Getting a loan,Fraudulent loan,,,AES/PHEAA,TX,79930.0,,,Phone,6/24/2020,Closed with explanation,TRUE,,3662592
8/26/2022,Student loan,Private student loan,Getting a loan,Fraudulent loan,,,"Nelnet, Inc.",FL,33313,Older American,,Phone,9/14/2022,Closed with explanation,TRUE,,5919090
5/15/2012,Credit card,,Payoff process,,,,"CITIBANK, N.A.",OH,44060.0,,,Referral,5/17/2012,Closed with relief,TRUE,FALSE,78324
5/22/2014,Credit card,,Payoff process,,,,U.S. BANCORP,OH,44875,,,Web,5/22/2014,Closed with non-monetary relief,TRUE,FALSE,864187
11/30/2016,Credit card,,Payoff process,,,,DISCOVER BANK,TX,78611.0,,,Referral,12/1/2016,Closed with explanation,TRUE,FALSE,2230306
3/22/2012,Credit card,,Payoff process,,,,"CITIBANK, N.A.",IL,60659.0,,,Postal mail,3/23/2012,Closed without relief,TRUE,FALSE,39885
4/1/2015,Credit card,,Payoff process,,,,DISCOVER BANK,CA,92677,,,Postal mail,5/15/2015,Closed with explanation,TRUE,FALSE,1310920
6/15/2013,Credit card,,Payoff process,,,,"CITIBANK, N.A.",NY,14127,,,Web,6/15/2013,Closed with explanation,TRUE,FALSE,433494
12/2/2011,Credit card,,Payoff process,,,,"CITIBANK, N.A.",OH,44130,,,Referral,12/2/2011,Closed with relief,TRUE,FALSE,2481
3/3/2015,Credit card,,Payoff process,,,,U.S. BANCORP,MN,55345.0,,,Postal mail,3/10/2015,Closed with explanation,TRUE,FALSE,1265987
11/4/2012,Credit card,,Payoff process,,,,"CITIBANK, N.A.",CA,91384,,,Web,11/5/2012,Closed with monetary relief,TRUE,FALSE,184454
7/12/2016,Credit card,,Payoff process,,,Company has responded to the consumer and the CFPB and chooses not to provide a public response,"CITIBANK, N.A.",TX,77091,Older American,,Phone,7/13/2016,Closed with explanation,TRUE,FALSE,2008996
7/7/2014,Credit card,,Payoff process,,,,"CITIBANK, N.A.",MD,21219,,,Web,7/7/2014,Closed with explanation,TRUE,FALSE,926096
2/21/2013,Credit card,,Payoff process,,,,DISCOVER BANK,OH,45102,Servicemember,,Phone,2/22/2013,Closed with explanation,TRUE,FALSE,326082
6/18/2014,Credit card,,Payoff process,,,,PNC Bank N.A.,KY,40212,,,Phone,6/20/2014,Closed with explanation,TRUE,FALSE,900684
11/8/2012,Credit card,,Payoff process,,,,"CITIBANK, N.A.",AZ,85268.0,,,Web,11/8/2012,Closed with explanation,TRUE,TRUE,187587
1/15/2015,Credit card,,Payoff process,,,,"CITIBANK, N.A.",CA,92026.0,Servicemember,,Web,1/15/2015,Closed with explanation,TRUE,TRUE,1193879
7/12/2012,Credit card,,Payoff process,,,,"CITIBANK, N.A.",MA,02151,,,Web,7/19/2012,Closed with monetary relief,TRUE,FALSE,116645
3/9/2017,Credit card,,Payoff process,,,,DISCOVER BANK,MD,20657,Older American,,Postal mail,3/13/2017,Closed with non-monetary relief,TRUE,FALSE,2378902
8/13/2014,Credit card,,Payoff process,,,,DISCOVER BANK,NJ,7016.0,,,Web,8/13/2014,Closed with explanation,TRUE,FALSE,981934
3/7/2013,Credit card,,Payoff process,,,,"CITIBANK, N.A.",OH,43302,,,Postal mail,3/7/2013,Closed with explanation,TRUE,FALSE,344563
5/23/2013,Credit card,,Payoff process,,,,"CITIBANK, N.A.",HI,96701,Older American,,Web,5/24/2013,Closed with monetary relief,TRUE,FALSE,414645
11/16/2013,Credit card,,Payoff process,,,,COMMERCE BANK,OH,45121,,,Web,12/2/2013,Closed with explanation,TRUE,FALSE,601410
6/6/2012,Credit card,,Payoff process,,,,PNC Bank N.A.,MO,63124.0,,,Referral,6/13/2012,Closed with explanation,TRUE,FALSE,95038
8/20/2014,Credit card,,Payoff process,,,,DISCOVER BANK,OK,45701.0,,,Web,8/20/2014,Closed with explanation,TRUE,FALSE,993777
6/19/2012,Credit card,,Payoff process,,,,"CITIBANK, N.A.",TX,76092,,,Web,6/21/2012,Closed with monetary relief,TRUE,FALSE,104211
1/20/2012,Credit card,,Sale of account,,,,"CITIBANK, N.A.",CA,90027,,,Web,1/20/2012,Closed with relief,FALSE,FALSE,15256
2/5/2013,Credit card,,Sale of account,,,,"CITIBANK, N.A.",MN,55357,,,Web,2/5/2013,Closed with monetary relief,TRUE,FALSE,300529
9/14/2014,Credit card,,Balance transfer,,,,DISCOVER BANK,WI,54476,Older American,,Web,9/14/2014,Closed with explanation,TRUE,FALSE,1027886
8/23/2013,Credit card,,Balance transfer,,,,"CITIBANK, N.A.",MO,65721,,,Referral,8/27/2013,Closed with monetary relief,TRUE,FALSE,503153
10/21/2015,Credit card,,Balance transfer,,,Company chooses not to provide a public response,"CITIBANK, N.A.",IN,47111,Older American,,Phone,10/21/2015,Closed with explanation,TRUE,TRUE,1617881
4/22/2014,Credit card,,Balance transfer,,,,"CITIBANK, N.A.",FL,34953.0,,,Web,4/21/2014,Closed with monetary relief,TRUE,FALSE,818542
6/19/2012,Credit card,,Balance transfer,,,,DISCOVER BANK,CA,94610.0,,,Web,6/21/2012,Closed with monetary relief,TRUE,FALSE,104268
1/8/2013,Credit card,,Balance transfer,,,,U.S. BANCORP,MA,2760.0,,,Referral,1/9/2013,Closed with explanation,TRUE,FALSE,224926
4/20/2017,Credit card,,Balance transfer,,,Company has responded to the consumer and the CFPB and chooses not to provide a public response,"CITIBANK, N.A.",TX,75201,,,Fax,4/21/2017,Closed with explanation,TRUE,FALSE,2444281
3/29/2012,Credit card,,Balance transfer,,,,"CITIBANK, N.A.",CA,90045,,,Web,3/29/2012,Closed with relief,TRUE,TRUE,42408
2/13/2014,Credit card,,Balance transfer,,,,"CITIBANK, N.A.",MO,63043,,,Referral,2/18/2014,Closed with explanation,TRUE,TRUE,712009
5/1/2014,Credit card,,Balance transfer,,,,"CITIBANK, N.A.",VA,23238,,,Web,5/1/2014,Closed with explanation,TRUE,FALSE,834437
4/25/2012,Credit card,,Balance transfer,,,,DISCOVER BANK,CA,92397,Older American,,Web,4/26/2012,Closed with relief,TRUE,FALSE,65276
4/17/2015,Credit card,,Balance transfer,,,Company chooses not to provide a public response,"CITIBANK, N.A.",NY,10314,,,Phone,4/21/2015,Closed with explanation,TRUE,FALSE,1334546
4/21/2014,Credit card,,Balance transfer,,,,DISCOVER BANK,DE,19701,,,Web,4/21/2014,Closed with explanation,TRUE,FALSE,816734
10/2/2012,Credit card,,Balance transfer,,,,"CITIBANK, N.A.",NC,28461.0,Older American,,Web,10/3/2012,Closed with monetary relief,TRUE,FALSE,164811
12/21/2016,Credit card,,Balance transfer,,,Company has responded to the consumer and the CFPB and chooses not to provide a public response,U.S. BANCORP,IL,60565,,,Referral,12/21/2016,Closed with non-monetary relief,TRUE,FALSE,2258781
6/13/2016,Credit card,,Balance transfer,,,,DISCOVER BANK,CO,80816,,,Referral,6/15/2016,Closed with explanation,TRUE,TRUE,1966138
12/21/2012,Credit card,,Billing disputes,,,,"CITIBANK, N.A.",WA,98665,,,Web,12/27/2012,Closed with explanation,TRUE,TRUE,216399
5/10/2016,Credit card,,Billing disputes,,,Company has responded to the consumer and the CFPB and chooses not to provide a public response,"CITIBANK, N.A.",NM,87529,"Older American, Servicemember",,Phone,5/10/2016,Closed with monetary relief,TRUE,FALSE,1919418
7/19/2012,Credit card,,Billing disputes,,,,"CITIBANK, N.A.",CA,90010,,,Phone,7/20/2012,Closed with explanation,TRUE,FALSE,120573
10/19/2014,Credit card,,Billing disputes,,,,U.S. BANCORP,CA,94024,,,Web,10/24/2014,Closed with explanation,TRUE,TRUE,1077028
11/29/2013,Credit card,,Billing disputes,,,,"CITIBANK, N.A.",NY,10704.0,,,Phone,12/2/2013,Closed with explanation,TRUE,TRUE,616887
1/16/2016,Credit card,,Billing disputes,,,Company chooses not to provide a public response,"CITIBANK, N.A.",DE,19701,,,Referral,1/20/2016,Closed with explanation,TRUE,FALSE,1744092
1/4/2012,Credit card,,Billing disputes,,,,"CITIBANK, N.A.",NY,11432.0,,,Referral,1/5/2012,Closed with relief,TRUE,FALSE,9636
7/5/2012,Credit card,,Billing disputes,,,,"CITIBANK, N.A.",CA,94501,,,Web,7/6/2012,Closed with explanation,TRUE,FALSE,112458
12/10/2013,Credit card,,Billing disputes,,,,"CITIBANK, N.A.",AZ,85044.0,,,Web,12/11/2013,Closed with monetary relief,TRUE,FALSE,627811
6/14/2013,Credit card,,Billing disputes,,,,DISCOVER BANK,VA,23430,,,Web,6/14/2013,Closed with non-monetary relief,TRUE,FALSE,432285
11/5/2015,Credit card,,Billing disputes,,,,DISCOVER BANK,NJ,07645,,,Postal mail,11/5/2015,Closed with explanation,TRUE,FALSE,1642328
6/10/2013,Credit card,,Billing disputes,,,,DISCOVER BANK,ME,04605,Older American,,Postal mail,6/12/2013,Closed with monetary relief,TRUE,FALSE,428395
10/28/2012,Credit card,,Billing disputes,,,,"CITIBANK, N.A.",TX,75063,,,Web,10/29/2012,Closed with non-monetary relief,TRUE,FALSE,179355
6/19/2012,Credit card,,Billing disputes,,,,"CITIBANK, N.A.",IL,60502,,,Web,6/26/2012,Closed with monetary relief,TRUE,FALSE,104569
5/12/2016,Credit card,,Billing disputes,,,Company has responded to the consumer and the CFPB and chooses not to provide a public response,"CITIBANK, N.A.",NY,11566,Older American,,Phone,5/12/2016,Closed with explanation,TRUE,FALSE,1922628
12/10/2014,Credit card,,Billing disputes,,,,"CITIBANK, N.A.",AR,72015,Older American,,Postal mail,12/12/2014,Closed with explanation,TRUE,FALSE,1150694
8/9/2013,Credit card,,Billing disputes,,,,"CITIBANK, N.A.",CO,80005,,,Web,8/8/2013,Closed with monetary relief,TRUE,TRUE,485095
6/15/2016,Credit card,,Billing disputes,,,Company has responded to the consumer and the CFPB and chooses not to provide a public response,"CITIBANK, N.A.",FL,32129,,,Postal mail,6/17/2016,Closed with non-monetary relief,TRUE,FALSE,1969396
3/5/2014,Credit card,,Billing disputes,,,,"CITIBANK, N.A.",CA,92234,Older American,,Postal mail,3/10/2014,Closed with explanation,TRUE,FALSE,743696
10/15/2012,Credit card,,Billing disputes,,,,"CITIBANK, N.A.",OH,44077,,,Referral,10/17/2012,Closed with monetary relief,TRUE,FALSE,171467
10/31/2012,Credit card,,Billing disputes,,,,"CITIBANK, N.A.",NY,14075.0,,,Referral,11/1/2012,Closed with explanation,TRUE,FALSE,182431
12/9/2013,Credit card,,Billing disputes,,,,U.S. BANCORP,IA,50322,,,Web,12/9/2013,Closed with explanation,TRUE,FALSE,625999
6/5/2014,Credit card,,Billing disputes,,,,DISCOVER BANK,FL,32174,,,Referral,6/10/2014,Closed with explanation,TRUE,TRUE,882246
12/3/2013,Credit card,,Billing disputes,,,,"CITIBANK, N.A.",NJ,07604,,,Web,12/3/2013,Closed with explanation,TRUE,FALSE,618641
5/14/2013,Credit card,,Billing disputes,,,,"CITIBANK, N.A.",PA,15946,,,Web,5/15/2013,Closed with explanation,TRUE,FALSE,405808
9/24/2013,Credit card,,Billing disputes,,,,DISCOVER BANK,MO,54029,Older American,,Web,9/24/2013,Closed with explanation,TRUE,FALSE,540058
5/3/2012,Credit card,,Billing disputes,,,,DISCOVER BANK,CA,93314,,,Web,5/4/2012,Closed with relief,TRUE,TRUE,67053
4/30/2013,Credit card,,Billing disputes,,,,U.S. BANCORP,TN,37166.0,,,Web,5/2/2013,Closed with explanation,TRUE,TRUE,396094
4/27/2014,Credit card,,Billing disputes,,,,DISCOVER BANK,TX,78155,,,Web,4/27/2014,Closed with explanation,TRUE,FALSE,820543
1/30/2017,Credit card,,Billing disputes,,,Company has responded to the consumer and the CFPB and chooses not to provide a public response,"CITIBANK, N.A.",FL,33317,,,Phone,1/30/2017,Closed with explanation,TRUE,FALSE,2318179
12/30/2014,Credit card,,Billing disputes,,,,"CITIBANK, N.A.",FL,34490,,,Web,12/30/2014,Closed with explanation,TRUE,FALSE,1175720
6/28/2013,Credit card,,Billing disputes,,,,DISCOVER BANK,ME,04093,Older American,,Web,6/28/2013,Closed with non-monetary relief,TRUE,FALSE,445947
1/13/2014,Credit card,,Billing disputes,,,,"CITIBANK, N.A.",FL,33525,,,Postal mail,1/13/2014,Closed with monetary relief,TRUE,FALSE,666064
5/28/2013,Credit card,,Billing disputes,,,,U.S. BANCORP,TN,38487,,,Referral,5/29/2013,Closed with explanation,TRUE,FALSE,418155
9/16/2015,Credit card,,Billing disputes,,,Company chooses not to provide a public response,"CITIBANK, N.A.",CA,92376,,,Phone,9/17/2015,Closed with non-monetary relief,TRUE,FALSE,1567371
9/12/2012,Credit card,,Billing disputes,,,,"CITIBANK, N.A.",NY,11795,,,Referral,9/13/2012,Closed with monetary relief,TRUE,FALSE,151483
1/22/2012,Credit card,,Billing disputes,,,,"CITIBANK, N.A.",OK,74106,,,Web,1/23/2012,Closed without relief,TRUE,TRUE,15642
8/27/2015,Credit card,,Billing disputes,,,Company chooses not to provide a public response,U.S. BANCORP,PA,17552,"Older American, Servicemember",,Phone,9/3/2015,Closed with explanation,TRUE,FALSE,1539327
11/25/2015,Credit card,,Billing disputes,,,,KEYCORP,WA,98126,,,Referral,12/1/2015,Closed with non-monetary relief,TRUE,FALSE,1672762
6/18/2014,Credit card,,Billing disputes,,,,"CITIBANK, N.A.",FL,34986,,,Web,6/18/2014,Closed with monetary relief,TRUE,FALSE,899278
7/9/2012,Credit card,,Billing disputes,,,,DISCOVER BANK,TN,37325,Older American,,Web,7/11/2012,Closed with monetary relief,TRUE,FALSE,115041
8/18/2014,Credit card,,Billing disputes,,,,"CITIBANK, N.A.",NC,28164,,,Referral,8/21/2014,Closed with monetary relief,TRUE,FALSE,988743
7/27/2016,Credit card,,Billing disputes,,,Company has responded to the consumer and the CFPB and chooses not to provide a public response,U.S. BANCORP,WY,82009,Servicemember,,Postal mail,9/12/2016,Closed with explanation,TRUE,FALSE,2032026
3/26/2015,Credit card,,Billing disputes,,,Company chooses not to provide a public response,"CITIBANK, N.A.",FL,33180,,,Referral,3/31/2015,Closed with explanation,TRUE,FALSE,1302414
3/7/2012,Credit card,,Billing disputes,,,,"CITIBANK, N.A.",TX,77516.0,,,Referral,3/22/2012,Closed with relief,TRUE,FALSE,31454
1/21/2013,Credit card,,Billing disputes,,,,"CITIBANK, N.A.",NY,13219,,,Web,1/22/2013,Closed with monetary relief,TRUE,FALSE,249330
4/14/2017,Credit card,,Billing disputes,,,Company has responded to the consumer and the CFPB and chooses not to provide a public response,"CITIBANK, N.A.",NJ,08536,,,Phone,4/14/2017,Closed with explanation,TRUE,FALSE,2435318
11/28/2012,Credit card,,Billing disputes,,,,DISCOVER BANK,CT,06850,,,Web,11/29/2012,Closed with monetary relief,TRUE,FALSE,198816
10/10/2012,Credit card,,Billing disputes,,,,DISCOVER BANK,CA,92143,,,Postal mail,10/11/2012,Closed with monetary relief,TRUE,FALSE,168909
7/25/2012,Credit card,,Billing disputes,,,,"CITIBANK, N.A.",ME,04074,Older American,,Web,7/26/2012,Closed with monetary relief,TRUE,FALSE,124206
12/18/2012,Credit card,,Billing disputes,,,,"CITIBANK, N.A.",GA,31820,,,Web,12/18/2012,Closed with monetary relief,TRUE,FALSE,211266
9/27/2012,Credit card,,Billing disputes,,,,DISCOVER BANK,IL,60563.0,,,Referral,9/28/2012,Closed with explanation,TRUE,FALSE,161384
2/26/2014,Credit card,,Billing disputes,,,,DISCOVER BANK,MD,20782,Older American,,Phone,2/27/2014,Closed with explanation,TRUE,FALSE,733209
7/31/2014,Credit card,,Billing disputes,,,,"CITIBANK, N.A.",OR,97339,Older American,,Web,8/4/2014,Closed with monetary relief,TRUE,FALSE,962641
9/8/2013,Credit card,,Billing disputes,,,,"CITIBANK, N.A.",CA,95148,,,Web,9/13/2013,Closed with explanation,TRUE,FALSE,518846
6/19/2013,Credit card,,Billing disputes,,,,"CITIBANK, N.A.",VA,22556,,,Phone,7/8/2013,Closed with explanation,TRUE,TRUE,437379
2/24/2016,Credit card,,Billing disputes,,,,"CITIBANK, N.A.",NY,11211.0,,,Postal mail,3/11/2016,Closed with monetary relief,TRUE,TRUE,1802780
10/21/2016,Credit card,,Billing disputes,,,Company has responded to the consumer and the CFPB and chooses not to provide a public response,U.S. BANCORP,NJ,07424,,,Phone,10/26/2016,Closed with monetary relief,TRUE,FALSE,2172298
6/14/2012,Credit card,,Billing disputes,,,,DISCOVER BANK,CA,90049,,,Referral,6/18/2012,Closed with monetary relief,TRUE,FALSE,100515
10/16/2012,Credit card,,Billing disputes,,,,"CITIBANK, N.A.",IL,60201,,,Web,10/17/2012,Closed with monetary relief,TRUE,FALSE,172139
2/14/2014,Credit card,,Billing disputes,,,,"CITIBANK, N.A.",NY,10023,Older American,,Referral,2/20/2014,Closed with monetary relief,TRUE,FALSE,716742
8/7/2012,Credit card,,Billing disputes,,,,DISCOVER BANK,MT,59901,Older American,,Web,8/8/2012,Closed with monetary relief,TRUE,FALSE,131372
12/8/2012,Credit card,,Billing disputes,,,,DISCOVER BANK,VA,20111.0,,,Web,12/8/2012,Closed with monetary relief,TRUE,FALSE,205631
2/22/2012,Credit card,,Billing disputes,,,,"CITIBANK, N.A.",CT,06608,,,Referral,2/24/2012,Closed without relief,TRUE,FALSE,25656
3/8/2017,Credit card,,Billing disputes,,,Company has responded to the consumer and the CFPB and chooses not to provide a public response,"CITIBANK, N.A.",NY,10468,,,Referral,3/10/2017,Closed with monetary relief,TRUE,FALSE,2378305
4/12/2013,Credit card,,Billing disputes,,,,U.S. BANCORP,MN,55060,,,Web,4/15/2013,Closed with non-monetary relief,TRUE,FALSE,381146
8/12/2013,Credit card,,Billing disputes,,,,"CITIBANK, N.A.",MD,21842,,,Postal mail,8/13/2013,Closed with monetary relief,TRUE,FALSE,487169
9/30/2012,Credit card,,Billing disputes,,,,"CITIBANK, N.A.",TX,77093,,,Web,10/1/2012,Closed with explanation,TRUE,FALSE,161770
4/2/2013,Credit card,,Billing disputes,,,,"CITIBANK, N.A.",PA,18088,,,Web,4/2/2013,Closed with monetary relief,TRUE,TRUE,371451
9/19/2012,Credit card,,Billing disputes,,,,"CITIBANK, N.A.",TX,78230,,,Referral,9/20/2012,Closed with monetary relief,TRUE,FALSE,156278
3/25/2013,Credit card,,Billing disputes,,,,"CITIBANK, N.A.",AZ,85367,,,Web,3/26/2013,Closed with monetary relief,TRUE,FALSE,365075
7/17/2013,Credit card,,Billing disputes,,,,"CITIBANK, N.A.",PR,00977,,,Postal mail,7/18/2013,Closed with explanation,TRUE,FALSE,459737
12/9/2016,Credit card,,Billing disputes,,,Company has responded to the consumer and the CFPB and chooses not to provide a public response,"CITIBANK, N.A.",VT,5452.0,,,Referral,12/12/2016,Closed with monetary relief,TRUE,FALSE,2243760
9/7/2016,Credit card,,Billing disputes,,,Company has responded to the consumer and the CFPB and chooses not to provide a public response,"CITIBANK, N.A.",AS,96799,,,Phone,9/7/2016,Closed with explanation,TRUE,FALSE,2100036
9/25/2012,Credit card,,Billing disputes,,,,DISCOVER BANK,NY,10801,,,Referral,9/26/2012,Closed with explanation,TRUE,FALSE,159864
11/14/2012,Credit card,,Billing disputes,,,,"CITIBANK, N.A.",PA,15146,Older American,,Web,11/15/2012,Closed with explanation,TRUE,FALSE,189956
10/22/2014,Credit card,,Billing disputes,,,,"CITIBANK, N.A.",MD,20774,Older American,,Web,10/24/2014,Closed with explanation,TRUE,TRUE,1082104
8/18/2015,Credit card,,Billing disputes,,,Company chooses not to provide a public response,"CITIBANK, N.A.",MA,02119,,,Postal mail,8/19/2015,Closed with explanation,TRUE,TRUE,1524110
8/31/2013,Credit card,,Billing disputes,,,,"CITIBANK, N.A.",CA,90650,,,Web,9/3/2013,Closed with explanation,TRUE,FALSE,511454
3/30/2017,Credit card,,Billing disputes,,,Company has responded to the consumer and the CFPB and chooses not to provide a public response,U.S. BANCORP,MD,20613.0,,,Referral,3/30/2017,Closed with non-monetary relief,TRUE,TRUE,2412372
1/24/2015,Credit card,,Billing disputes,,,,"CITIBANK, N.A.",MT,59870,,,Web,1/24/2015,Closed with explanation,TRUE,FALSE,1207907
6/25/2015,Credit card,,Billing disputes,,,Company believes it acted appropriately as authorized by contract or law,TCF NATIONAL BANK,MN,56304,,,Referral,6/30/2015,Closed with monetary relief,TRUE,FALSE,1438937
8/29/2012,Credit card,,Billing disputes,,,,U.S. BANCORP,GA,31701,,,Referral,8/31/2012,Closed with monetary relief,TRUE,FALSE,143702
2/10/2014,Credit card,,Billing disputes,,,,U.S. BANCORP,MO,64131.0,,,Postal mail,2/11/2014,Closed with explanation,TRUE,FALSE,707769
6/11/2015,Credit card,,Billing disputes,,,Company chooses not to provide a public response,U.S. BANCORP,OK,73018.0,Servicemember,,Referral,6/15/2015,Closed with explanation,TRUE,FALSE,1416756
3/7/2012,Credit card,,Billing disputes,,,,U.S. BANCORP,CA,92284,,,Web,3/8/2012,Closed with relief,TRUE,FALSE,31834
9/6/2013,Credit card,,Billing disputes,,,,DISCOVER BANK,LA,71360,,,Postal mail,9/9/2013,Closed with explanation,TRUE,FALSE,516867
12/19/2014,Credit card,,Billing disputes,,,,"CITIBANK, N.A.",MI,49686.0,,,Referral,12/23/2014,Closed with explanation,TRUE,FALSE,1164504
6/4/2014,Credit card,,Billing disputes,,,,"CITIBANK, N.A.",OH,43110,,,Web,6/4/2014,Closed with monetary relief,TRUE,FALSE,879899
5/12/2014,Credit card,,Billing disputes,,,,"CITIBANK, N.A.",NC,28360,,,Phone,5/14/2014,Closed with explanation,TRUE,TRUE,847168
4/9/2012,Credit card,,Billing disputes,,,,"CITIBANK, N.A.",ME,04072,,,Phone,4/10/2012,Closed with relief,TRUE,FALSE,45473
2/15/2017,Credit card,,Billing disputes,,,Company has responded to the consumer and the CFPB and chooses not to provide a public response,"CITIBANK, N.A.",PA,18017,,,Referral,2/21/2017,Closed with explanation,TRUE,FALSE,2345414
1/15/2014,Credit card,,Billing disputes,,,,"CITIBANK, N.A.",FL,33029,,,Referral,1/22/2014,Closed with monetary relief,TRUE,FALSE,670619
8/9/2014,Credit card,,Billing disputes,,,,U.S. BANCORP,CA,91377,,,Web,8/9/2014,Closed with explanation,TRUE,FALSE,976884
3/4/2015,Credit card,,Billing disputes,,,,U.S. BANCORP,OH,45653,Older American,,Phone,3/5/2015,Closed with explanation,TRUE,FALSE,1267595
1/14/2015,Credit card,,Billing disputes,,,,DISCOVER BANK,CO,80534,,,Referral,1/16/2015,Closed with explanation,TRUE,TRUE,1192618
11/9/2016,Credit card,,Billing disputes,,,Company has responded to the consumer and the CFPB and chooses not to provide a public response,"CITIBANK, N.A.",NC,28379,,,Postal mail,11/14/2016,Closed with explanation,TRUE,FALSE,2201906
10/31/2012,Credit card,,Billing disputes,,,,"CITIBANK, N.A.",WA,98366,,,Web,11/5/2012,Closed with monetary relief,TRUE,FALSE,181520
2/8/2012,Credit card,,Billing disputes,,,,U.S. BANCORP,CO,80027,,,Web,2/9/2012,Closed without relief,TRUE,FALSE,21388
3/12/2012,Credit card,,Billing disputes,,,,"CITIBANK, N.A.",IL,60638,Older American,,Web,3/12/2012,Closed without relief,TRUE,TRUE,33713
1/26/2015,Credit card,,Billing disputes,,,,"CITIBANK, N.A.",FL,33021.0,,,Web,1/26/2015,Closed with explanation,TRUE,TRUE,1209309
12/27/2014,Credit card,,Billing disputes,,,,U.S. BANCORP,NJ,08638,Servicemember,,Web,1/20/2015,Closed with explanation,TRUE,TRUE,1172002
10/6/2014,Credit card,,Billing disputes,,,,U.S. BANCORP,MO,64804.0,,,Web,10/6/2014,Closed with explanation,TRUE,FALSE,1059218
11/20/2014,Credit card,,Billing disputes,,,,DISCOVER BANK,GA,31059,,,Web,11/20/2014,Closed with explanation,TRUE,FALSE,1130388
7/25/2013,Credit card,,Billing disputes,,,,"CITIBANK, N.A.",MI,49093.0,"Older American, Servicemember",,Phone,7/26/2013,Closed with explanation,TRUE,FALSE,466768
3/22/2012,Credit card,,Billing disputes,,,,"CITIBANK, N.A.",GA,30066,,,Web,3/23/2012,Closed with relief,TRUE,FALSE,39936
7/24/2013,Credit card,,Billing disputes,,,,PNC Bank N.A.,KY,41102,,,Web,7/26/2013,Closed with explanation,TRUE,FALSE,465457
1/22/2013,Credit card,,Billing disputes,,,,"CITIBANK, N.A.",MO,64131,,,Web,1/22/2013,Closed with explanation,TRUE,FALSE,251404
10/24/2014,Credit card,,Billing disputes,,,,"CITIBANK, N.A.",VA,23222,,,Web,10/24/2014,Closed with explanation,TRUE,TRUE,1084943
3/8/2016,Credit card,,Billing disputes,,,,DISCOVER BANK,AL,36480.0,Older American,,Phone,3/8/2016,Closed with monetary relief,TRUE,FALSE,1823353
1/13/2017,Credit card,,Billing disputes,,,Company has responded to the consumer and the CFPB and chooses not to provide a public response,"CITIBANK, N.A.",FL,33556.0,,,Referral,1/17/2017,Closed with explanation,TRUE,TRUE,2288091
1/15/2013,Credit card,,Billing disputes,,,,"CITIBANK, N.A.",WI,54140,,,Referral,1/16/2013,Closed with explanation,TRUE,FALSE,232465
1/23/2014,Credit card,,Billing disputes,,,,"CITIBANK, N.A.",TX,76134.0,,,Web,1/23/2014,Closed with monetary relief,TRUE,FALSE,682957
3/21/2014,Credit card,,Billing disputes,,,,FIRST HORIZON BANK,TN,38028.0,Servicemember,,Referral,3/27/2014,Closed with explanation,TRUE,FALSE,771589
5/15/2012,Credit card,,Billing disputes,,,,"CITIBANK, N.A.",PA,18235,,,Phone,5/18/2012,Closed with relief,TRUE,FALSE,78494
4/12/2013,Credit card,,Billing disputes,,,,U.S. BANCORP,MN,55060.0,,,Web,4/15/2013,Closed with non-monetary relief,TRUE,FALSE,381147
9/26/2013,Credit card,,Billing disputes,,,,DISCOVER BANK,IL,60425,,,Web,9/26/2013,Closed with explanation,TRUE,FALSE,544514
9/13/2014,Credit card,,Billing disputes,,,,"CITIBANK, N.A.",MD,21740,,,Web,9/13/2014,Closed with explanation,TRUE,FALSE,1027719
11/24/2013,Credit card,,Billing disputes,,,,"CITIBANK, N.A.",TX,78212,Servicemember,,Web,11/23/2013,Closed with monetary relief,TRUE,FALSE,609624
3/11/2016,Credit card,,Billing disputes,,,Company has responded to the consumer and the CFPB and chooses not to provide a public response,"CITIBANK, N.A.",OH,44128,Servicemember,,Phone,3/15/2016,Closed with non-monetary relief,TRUE,FALSE,1828925
4/24/2012,Credit card,,Billing disputes,,,,"CITIBANK, N.A.",CA,96049,,,Referral,4/24/2012,Closed without relief,TRUE,FALSE,64005